cellline,drug,ic50,tissue
ACH-000054,6253,-2.132583,SARC
ACH-000054,9914412,1.182183,SARC
ACH-000091,24978538,2.457272,OV
ACH-000054,176158,4.36696,SARC
ACH-000054,148124,-7.506578,SARC
ACH-000091,6253,-1.671258,OV
ACH-000091,9914412,2.666546,OV
ACH-000054,24978538,1.458069,SARC
ACH-000091,9943465,2.133863,OV
ACH-000054,11327430,1.380063,SARC
ACH-000091,148124,-4.81441,OV
ACH-000054,9943465,2.903275,SARC
